<?xml version="1.0" encoding="UTF-8"?>
<!DOCTYPE mapper
   PUBLIC "-//mybatis.org//DTD Mapper 3.0//EN"
   "https://mybatis.org/dtd/mybatis-3-mapper.dtd">
<mapper namespace="tblcustomer">
	<select id="selectByPk" parameterType="String" resultType="CustomerVo">
		select * from tbl_customer
		where custom_id=#{customId}
	</select>
	<select id="selectAll" resultType="CustomerVo">
		select * from tbl_customer order by custom_id
	</select>
		insert into tbl_customer(custom_id,name,email,age,reg_date) 
                    values (#{customId}, #{name}, #{email}, #{age}, sysdate)
	</insert>
	<update id="update" parameterType="CustomerVo">
		update tbl_customer 
		set email = #{email}, age = #{age} 
		where custom_id = #{customId}
	</update>
	<delete id="delete" parameterType="String">
		delete from tbl_customer 
			where custom_id = #{customId}
	</delete>
</mapper>  
<!-- 
${}  : jsp에서 getAttribute 역할
       문자열 기호 ' ' 가 자동으로 생기지 않습니다.
#{}  : 매퍼 XML 에서 파라미터 기호
       문자열 기호 ' ' 가 자동으로 생깁니다.
 -->



